generation,max,mean,std,min
0,96.10889469100238,68.14500449362177,14.876627095095014,41.804123796612245
1,106.31052569465915,70.68310085187427,14.97143188272853,40.948666080186
2,113.77156015583833,73.12803022327513,15.603275089653266,45.70987908088822
3,95.22027250720224,70.66316341808106,13.963098660907148,43.69054411973445
4,106.40087803056602,73.22333531862743,14.555032406431367,41.83959799354095
5,109.05327462569468,71.17990470453567,15.454949810861761,42.84611362992336
6,106.42417767443285,76.50400390768729,13.330602155216752,45.55152181183538
7,109.24693058688453,76.72615904891708,14.499542768641806,39.96706370379826
8,108.14954190375356,78.79620179373312,16.486844173114495,45.701504124518735
9,103.63610214176973,81.19987981282478,14.151707700084891,56.536096582241306
10,104.63989976409121,79.03803698367587,14.870319411322313,46.37938002685661
11,112.99353970278632,83.87095426487474,13.40212567938856,58.370611090277635
12,120.45989089891475,86.32144083037117,18.384964065142977,47.43718917475679
13,125.4663950331485,89.4761297603777,16.87759879923711,52.82622943698054
14,112.67878974795322,88.39574060661445,14.930238917929593,57.57112882069333
15,117.83814682504502,90.35481785298434,14.673471889419892,57.49154627892045
16,143.10562811725146,98.85664917140208,15.907184056989385,72.52732758279073
17,132.73466643043142,105.51040385815568,15.681665677251042,69.69901904556646
18,143.65525762185038,108.05757655596219,17.070287643097927,62.27984936113737
19,145.82449772783275,110.49139813678394,16.869843056711403,79.27631020859968
20,152.22552005300935,122.70820422256327,15.419161112209785,85.86655905203773
21,184.64911132449325,119.51188461417014,21.86095015022588,51.96052242337538
22,162.57589034873178,111.43443316370704,21.82305550477045,66.08514048303144
23,202.7815278687131,128.3710907200747,28.90043911313063,70.64246956328137
24,203.1109993109273,124.98219560983475,30.248673350937516,63.16278312341999
25,187.9143206911792,131.8630663500935,26.568134243882,83.27302103919268
26,272.3082793145418,134.96142489920175,34.08601139906152,58.59763637667212
27,203.7549634168866,133.51451180922913,26.505352589136876,84.15843687556344
28,184.5131676818845,128.83938502882546,24.714355256206588,82.99184691910102
29,200.12052467446807,139.49431193921185,34.03192963767119,82.10648902843366
30,244.95163963100487,133.4391592626173,37.61541871537365,71.5690380734354
31,279.7896579806578,147.7335778200771,48.66128853576262,69.98045059875167
32,196.20423057317544,139.39362760146187,35.64963206997314,81.30161481752752
33,239.4206290129313,137.98561738358737,34.19377059429203,82.35470195347868
34,235.48971809360825,139.75075834328655,37.118848536156676,70.7312446953157
35,258.29135733626026,147.91092891838085,43.02206368495568,58.499726646630016
36,244.9285415538347,153.77852082602902,45.499876984972396,84.32011071479296
37,231.8215860656287,158.52350035281444,40.151993993466796,92.6791633050247
38,253.21266611097417,167.2771337142965,44.463498444423614,84.09362432530712
39,223.09830755036037,143.74558239424542,44.88130323735532,65.67739174295885
40,247.9856852951938,155.69014631748206,49.266876504297116,58.502498480917744
41,216.09640297771702,157.3138921893589,41.83399202605091,84.81118406279236
42,273.16765306305854,156.64334939723258,59.863268681363124,47.41819372511462
43,275.8499399088201,168.38556086056133,54.23710973535674,78.23485362245998
44,240.5392156176212,169.69256119435488,43.72425291463258,74.78514155990182
45,248.83038078049367,160.78518236875894,53.33685546416281,77.3033744384712
46,249.68652299431534,190.7986505807085,43.54739755206298,95.38893863285419
47,294.61009569028863,165.30979486656292,54.7710673189624,80.49124300284903
48,273.2698129558862,187.02707738452642,44.76611905787576,107.51626047773914
49,268.9948003937049,189.7582472006758,51.10919444682634,85.00252372054877
50,289.56698245533187,183.32340461620942,51.66467559796678,86.95438680286472
51,328.66621514499604,188.20999890046406,59.289473267344086,97.96806291355504
52,266.9713761145796,183.41694774663347,55.31758042644474,85.1182312749608
53,309.01291738978927,187.8098631924597,60.22250777074675,81.35456200268456
54,338.4320594597204,193.77381834608497,53.51128114912646,97.19790425940326
55,290.7862117959749,170.88867040276017,62.14787611291083,82.23325926873278
56,292.31216319222415,186.5257430689789,54.626296972832314,95.81675343848539
57,325.46458087837976,192.39686336295964,54.90820630670849,85.0293600279151
58,331.76161630123954,206.40923140835474,56.079163081067655,89.74023358974263
59,322.66100105622826,191.94737563818862,63.13326874940986,90.74033380849195
60,306.56224106625297,203.62024368200758,57.7817360399793,79.982549245233
61,335.25968509070606,213.83884454864105,49.94026985637838,108.20064584630902
62,301.07205026754684,183.03912847150963,55.15559636708728,110.14487894832594
63,332.488432364565,209.1559072252819,63.33349537828079,82.26556977491177
64,313.95414232097284,181.74261340699377,56.94965862742191,73.53410078572867
65,379.4233598470497,192.66984310558468,66.58218424574206,75.6724402837172
66,371.4161875248282,217.31995402885462,65.01525468881516,83.89040942080082
67,325.1638664403508,203.1051919885625,75.40337033264605,77.50659104226172
68,313.9918952371106,219.77005158551873,65.56907063552721,73.53503181243205
69,338.17252987973654,188.56872345697525,62.74951364201441,89.66629521779622
70,372.9138410883097,207.85817866723232,86.1586309136514,85.89040465403924
71,319.9678053147289,201.52432994232032,68.71804892854554,73.92391133877072
72,332.7332584597374,221.09335568143834,55.75960936826484,92.3324901348725
73,331.35431828925346,231.77227855514002,54.77185840758191,112.0530887918527
74,375.60420963901095,215.5588330800183,71.63419187901566,72.73261878702291
75,382.7354975993122,228.17175734282569,65.0140734537891,74.61492315182556
76,383.5532867949713,214.57097942224965,71.1286539970989,83.04343991038037
77,364.62046476753414,218.99457846934055,67.90042093852622,97.59920575865628
78,363.35923511867156,211.31418278068153,64.298342540632,84.18759749432246
79,322.00651991170514,204.3090340086717,68.01660597709323,62.49112688432954
80,396.164926309304,225.7918098780227,81.65683255019461,71.04114681177182
81,385.7127393333447,238.9656265151162,75.57645169037464,91.13793438613283
82,392.97393382774266,223.34931921699118,84.4322088469329,63.38372903516498
83,381.45010331664355,238.74501143407275,84.18205704784506,69.56576646151252
84,361.38276090092637,208.27788370850953,71.08232127812404,67.73792034742232
85,363.1215387239504,219.79790826926404,69.01158646269663,72.0314545191535
86,351.4034532146525,219.00140576104914,67.67252591350075,68.87391250994706
87,335.3203935998223,204.4469180243736,72.35340373357307,69.96872382748066
88,441.56834331237843,239.0600254554388,83.74921958477462,84.25231763191188
89,403.11772027346467,224.39847357179733,77.15478032955421,87.85023633651251
90,410.6605920215846,245.1425846415265,75.64384127120593,83.11502825504694
91,427.9921762888049,242.7957898554302,88.80605965643582,76.03995824487848
92,355.36984125971827,189.5361575785856,76.47914000762049,67.77108067557234
93,376.35910825223243,214.67123229179234,86.71959561338929,76.52730311949935
94,440.1733637870442,224.20229727426332,91.24320430164993,56.54796663706313
95,485.301009866413,229.88720000372214,90.38524200766398,90.49476551697055
96,457.17852099951995,244.05342382181047,97.2158502126548,86.98883854084451
97,444.9039678287501,241.8045399346476,84.39517209940271,102.41046286866663
98,421.30742079473185,228.65653870214533,77.06472089825131,64.79081480034054
99,413.89320142500475,227.53655526815473,85.8796831140569,84.14781276664249
100,392.0689522838901,227.56031657526,90.39418782349208,63.10706878098263
101,478.026818127756,263.81413943631225,90.64344203550768,86.104911035134
102,586.1581114547841,254.4893785570377,98.74205084743706,102.70632848009272
103,600.6299226540247,263.9437053503766,102.15507241631443,70.47504769910941
104,508.23274163036757,244.03709272464835,100.76655318195971,57.04014575972921
105,378.42825447894745,247.90097940317565,67.74011086908126,83.47078094742172
106,445.9152134621386,251.9618883933869,78.31791946268702,117.05548662206527
107,504.3799456348541,239.79309638363048,91.47758797795207,85.99366153094671
108,438.253265052615,235.28229325397956,78.00999776736504,88.84352736130111
109,616.3267823610838,243.4646686442008,98.61937606641736,98.06705089048896
110,710.7779538474315,276.5040978474565,135.43336760519247,88.8057941417004
111,498.31597838272876,252.51094238286723,89.57049026755539,91.13774041280959
112,405.3533909310072,238.27820119622282,84.5309885059649,74.55460519301748
113,460.33996326690783,235.08408111874874,89.45414085543295,63.09384806006268
114,456.181835862201,238.41928310589392,82.45239904147091,108.93636336725451
115,517.4208725925017,274.7102437819867,78.4752146039533,85.03105402619931
116,564.558825570223,272.03140508906233,105.7743253594826,70.13738715242067
117,483.13724705693113,241.18377945817957,100.70842400831346,64.16719700273595
118,574.9593302915183,265.4941534261615,121.33500421397711,84.948978692325
119,460.78416802005114,254.96600964254202,74.01181935664306,105.2174040458597
120,465.69882061519667,250.06426041517443,87.89249257658585,113.08164616573397
121,616.0286498766266,299.8514824181397,110.22136296262795,86.87577877237605
122,654.7991348171881,270.5612237797733,123.0162643778045,92.48747610455936
123,629.0217437696543,255.80241730099942,120.58623816167163,91.79970066819283
124,522.3375536871364,300.72026790840044,108.08633363140434,62.13152756674426
125,487.68234279833393,250.23190161142685,121.39061817105404,73.25868750031474
126,450.21983366467293,263.2200808289396,102.80618405329618,76.28238986505818
127,466.4538744337415,268.7860054461963,109.6319542567122,89.53444311811337
128,556.5904001822416,289.63344296437225,99.85464879802082,83.62124957292738
129,508.0567347365997,276.1160272971971,120.79931436734977,96.76224803744638
130,450.228668115118,252.7967909763387,110.17743572066756,69.94138909203488
131,433.48623574559406,261.7067211477532,85.10290885961584,102.42895729651293
132,526.6239799668823,279.0296080569089,114.17075496260615,84.4987775471367
133,548.281527739125,285.1211703478731,109.89107709596153,94.72708314794998
134,505.2977845518275,311.5682933356925,105.88785270031076,92.77846142889888
135,488.21241962340827,245.71995431826363,89.32800423803441,116.44292082427728
136,556.5303510864939,291.8188704240506,109.96655742485635,105.82957030762095
137,671.9468046370588,311.83666362691304,104.98579394182441,103.92991957697109
138,442.8903999168791,271.48029436256184,100.34584926131218,76.2888969586388
139,580.9139581586429,312.725262495504,116.74100826232257,93.85439942991097
140,640.6289118456385,351.82073551008955,116.00721945224268,135.10863179861087
141,531.2012578647731,292.5599818887373,96.88025070237636,98.29329213108075
142,693.7328143058044,336.92575803960096,121.0518236399652,112.07889088309358
143,683.9826223447496,362.33564024483957,138.994670607652,123.04538688193051
144,541.9272988950701,314.3651837435098,100.56455834683551,125.68225485546823
145,797.8416371884474,355.5786704784578,150.2314645355537,106.37050538670567
146,803.2871922544842,392.7228544141653,174.16288248671046,94.72620857594818
147,1243.2141009442664,393.5190224083699,226.349550542348,140.33707553098415
148,827.5933069946219,388.37149635502067,192.223494692302,106.93446426719183
149,987.1583198966466,442.6486258106446,189.9672410541858,153.25259301910774
150,1223.316874040317,381.26932672409896,217.29810327300777,108.71340483764047
151,984.8029414683017,419.99637235491934,191.9192614687496,140.883147785136
152,1036.1952563206194,486.00707040569375,245.24189681406017,167.72623678137592
153,1410.4531725864645,379.66760892739603,244.78005094321972,46.2635995039676
154,917.715916432214,372.77478105080945,181.79892380440774,115.90842896040263
155,1110.15101415125,378.11564885221185,247.83287837348263,69.61441697119206
156,833.9987721928422,362.98584772057654,178.10996287978452,71.70369681763322
157,1192.53960971139,408.15690602671265,234.98890157127528,84.08668773240083
158,1016.4269456497784,423.8576463288276,238.86614310702325,127.73044973086121
159,873.1658256153108,378.38435487326797,187.2331466908091,99.71400950837231
160,761.4208679073143,343.53373230243494,177.2661425824926,91.55969874004458
161,990.6564369242875,379.0115914220446,194.5739692894703,92.91072800469581
162,1332.9949725453462,373.4951803222807,221.45878976320392,83.64946982325527
163,1135.7171544255407,378.2848796385236,214.0124874294182,97.70233474293858
164,1177.6256573559908,435.00021198556703,259.3337210791744,85.40670950327045
165,1106.8328130647783,515.3695952617344,237.943808581306,147.87233691172526
166,1305.8462537254056,477.8541675076449,284.0749631199028,76.97084483221929
167,1094.1778838969587,427.133262555069,259.57635582803954,93.49002674434391
168,962.6253250848038,453.73502160880264,216.39602237626377,100.03915208876506
169,1009.0050885869344,379.41515769190136,216.7418498677019,71.72354042821611
170,1358.3498260898314,426.27267249394345,253.9908042142088,126.37032688970785
171,1167.5835873913343,481.1029279284019,259.5037417588918,120.18580954180041
172,1422.1413410404623,465.7488529966814,332.2636640027135,75.20753752285519
173,1118.3650886291227,392.36054429777715,214.9990835636667,90.16850042732914
174,1064.6699401626797,414.4913538924067,215.7333231765974,116.11085218553028
175,1191.9866346765896,480.9115159664968,219.2427903955972,75.2995376860592
176,924.7123473163252,420.79144627162293,214.50049960127762,67.68419204696063
177,794.943011375851,413.10319305245173,168.2314994162626,147.4846064659876
178,1016.5640075590791,448.4833189225269,212.79364506881373,160.72471037023064
179,1109.2556917761317,490.1570602099212,249.68980538901184,84.65377988839109
180,971.6070074766358,431.50034167018674,224.68275655752697,125.12975736499008
181,1114.1090612449086,457.2558960599612,224.72502807717643,94.78628614713276
182,1299.371325166223,489.92192512521706,251.06149583308903,97.1486725915105
183,1464.0449305786226,495.0974197163183,330.7406233766339,111.36230758547563
184,1361.3513618226798,497.4335307238031,293.646940427366,62.92826634632528
185,1025.434473070017,469.3398514132065,237.75764882694716,57.60491868321824
186,1135.8971532574749,431.55676435382355,263.9109126525254,66.01885944429144
187,979.3071048627469,460.0676020327881,238.82070497934896,81.43993884095804
188,1233.3682542219753,488.39341770111406,237.43678621830054,155.80576978133402
189,1530.7500951292932,497.6920443472262,303.31879238288593,97.66451507118985
190,1227.5840783647689,569.2140245496219,305.8467935232681,129.77347660246832
191,1841.6582308384222,488.410431784317,323.2755225811174,74.00724769411045
192,988.263023307306,502.9684109607703,239.83494706933257,93.44857647561915
193,1042.968891917618,511.85071243769227,231.3334563898497,78.71436983494795
194,1085.2503333325844,493.59341842121705,260.6829888439136,105.04694777172953
195,1422.1681225571913,489.13249621628967,305.8128325179663,89.7139316586866
196,1276.7264604512159,551.1151598537315,347.3924861485291,82.48151609540807
197,1230.0272128009665,508.7032778216104,245.5250310361045,104.92499523285146
198,1183.88489317953,462.62796028575167,286.16529396160354,84.4806923257331
199,1213.8921099556758,448.40456025268077,276.5083351665956,64.18863505775285
200,1150.899716483386,533.449705123554,235.71601269127746,144.39669783578398
201,1237.1695918738235,533.0057484338892,264.1673521283816,134.40360433228187
202,1087.7869651743242,472.54368915647336,225.5878521406509,97.41133035345794
203,1880.0258597036013,585.5323034734113,305.5777049175773,247.2026940805046
204,1234.6481013411217,601.7822676682251,279.0445952231286,190.00958674948836
205,1488.4229480958302,568.1609247973496,287.329270218903,143.43514805573136
206,1365.2239852128994,560.4623441353808,311.14348405907066,56.568971321075765
207,1215.059608783068,487.0377299327303,241.83088101732872,164.4982036982459
208,1015.2303287163816,490.51323924324424,246.06003409349898,125.65664683397304
209,1459.711832378213,582.9017432273882,283.01411730826186,157.28257308666787
210,1150.3601248467335,621.9779302079062,246.96889391489458,107.01166306986795
211,1349.7346858206247,658.2375231338782,261.9715013709783,240.22930037469345
212,1980.3355057830481,643.0429223868456,343.24299640584957,182.46861372907128
213,1435.245523358609,624.020994177445,273.164649797377,240.4207305128683
214,1093.6257286425712,548.6225215995353,262.22625782155836,177.76106989624154
215,1078.8492351003233,480.29478656383674,205.77988981204348,62.18629607579273
216,1627.5046437960216,676.6708827727022,292.1996307803666,197.01951912602865
217,1249.6213853118568,519.8718403325943,275.9538522050131,107.99221204046107
218,1678.654533212292,579.6852452540832,341.68704033175385,104.89471517585203
219,1370.5485272301091,620.5720627239489,268.3396919147245,177.07672193437665
220,1324.5217081225783,613.2834795463378,324.2720389635188,174.77378699404352
221,1742.380494561466,635.9195120778957,312.8241884519165,174.21182192267725
222,1273.532795225468,502.49721192947635,267.9663722254431,51.93973372794328
223,1362.5891727062403,593.2239762497071,297.18590883870866,138.36576926932463
224,1202.1174541394607,614.394045466287,261.4313053015299,66.68530945111715
225,1771.2181194613597,641.2808029582613,354.8524839883535,95.16952718353323
226,1295.2709974152585,582.747564770103,341.57812522802993,45.3601945317386
227,1288.6255368041657,598.3916506801158,301.2477545776689,109.6581283355824
228,1568.799855571508,701.2840741672511,295.05621834824757,247.358849494533
229,1315.7597044152194,660.1640062140181,291.8395070818191,95.34870240515559
230,1190.607697186644,645.7550178751086,262.49268547337994,151.03306974494816
231,1780.044773193706,653.9892318408274,358.04461306732327,93.00080457788165
232,1254.5256711743534,575.0226114224239,321.8729855328233,47.4997224564692
233,1197.8466455670793,650.4612385094322,256.51711334457036,224.84967279609526
234,1363.0082636939242,605.9255963567433,285.2487030234835,125.91770761247521
235,1438.5062459086917,580.3872994817646,307.7099858122518,87.30238310408181
236,1312.7142629765397,708.6891268840936,342.3319374913582,156.96371195679197
237,1234.4019258093954,630.4324612425173,309.5000277669675,122.65457096086826
238,1732.4281277106988,693.1843205079415,363.4115214989994,131.79936761271492
239,1068.6980470300466,542.3686735621575,259.81632381405996,74.67243730112054
240,2487.0651038703763,675.0617377829564,449.5305705444098,81.61566775690302
241,1322.2846129949517,622.4228126106206,316.2387336803605,84.02516565568948
242,1240.5091314449896,549.1618078881917,265.67546551982815,80.5976358547027
243,1310.1858000880075,543.4997297965563,283.7225674806945,172.07611250818096
244,1273.751909025314,560.3580046933718,263.82197649676596,104.58651091867985
245,1571.8175728690132,617.8985864576897,303.1179752661722,118.81315516989086
246,1544.503582908225,655.2390687036861,305.3106436056499,86.79964910982152
247,1668.599682332623,555.7280916740234,319.40068209077106,76.1299925645537
248,1476.5721010604661,618.0881905901972,307.69609485754813,86.26449760460662
249,1606.6384340594846,663.2131941009939,330.8386998219535,167.2073174758159
250,1541.6686577143496,666.3282745068092,349.3010079443071,102.90188232594173
251,1510.5747837682984,658.1868368710376,329.3964252968763,82.49452743606045
252,1527.1949186304232,703.4026705879362,342.9075791267036,115.97141414175348
253,1449.7185484112874,653.4825443993561,318.8646745708273,102.1605362403704
254,1808.1179786149908,685.5203119083419,363.5549407324988,126.2072497679917
255,1341.279197507867,578.7822163912663,297.8409138115956,71.88977738820769
256,1652.5070223839725,763.3050664607453,374.1709168376546,148.37591660083376
257,2297.446595956155,754.00749414666,425.9107390408661,86.86259303772482
258,1717.0815796395304,646.5150384623278,389.9361703022926,89.55431726105633
259,2227.384758321348,627.2975588470407,467.6941835497636,74.9951629736032
260,1884.1554752288368,732.550172326003,434.9125176120085,118.94072897179872
261,2026.6615842506503,660.3622515093533,426.31564342263937,79.15415734467253
262,2900.319679477482,627.2370989689751,519.7331356974857,143.81432184278174
263,2019.6332628408643,747.4722133906691,426.7255724517264,233.07255517833255
264,1901.6021862289842,674.1294473808854,392.3024134892135,149.37473160781127
265,1670.2430864950027,580.1286395721836,391.9507188241947,66.46057821061628
266,1918.8947475951086,666.346837176238,442.19041398805166,101.85231212793883
267,1313.3058421357343,594.5984868419489,297.13941829146995,107.46071570897557
268,1111.8377951990722,599.5317708089684,238.00985198607853,250.51531005165506
269,1524.8678223202535,618.84466160129,357.9156382011508,110.33964811690858
270,1827.5807833066538,634.821749393087,380.6527403805392,69.3675349055121
271,3444.143478528167,779.8257338010745,574.1903994932906,63.97990634666796
272,1732.346749209942,622.2964725177976,387.98035828992425,74.52464435135545
273,2104.3811416949356,734.5416816933163,468.4735212153854,96.25313053035511
274,2506.432434934057,746.3979318255026,445.8570598454404,80.81761090405732
275,1644.7524415045257,615.4190601314651,350.3557763038523,109.78815045211327
276,5193.5359544362,917.1250617759209,830.9200631391956,145.09247482603516
277,2957.720151922728,776.6463935699379,628.7838624439512,103.08775125279635
278,2663.4308261644865,759.6735355171029,483.96926406644195,114.13953527739459
279,2752.065082801541,744.8975125195742,569.688371761195,82.9191360872145
280,3392.907876285216,891.3640266710211,650.7942785561257,105.7694908025002
281,2715.2760982449367,684.7744444607584,561.0862851913324,85.6013113795882
282,1754.469072660401,672.1281723459836,395.4934143468459,130.35177108520628
283,2117.608999492257,779.038108259926,479.32466663179486,71.58654244542956
284,3127.595871883395,809.3740678824253,564.678501554835,226.21137787216443
285,3878.5912038194533,822.7830884432129,704.9402239536073,80.0629638866451
286,2774.3556773786886,858.1568130974698,580.449324261939,67.41408812640569
287,7534.266828962536,833.3135522935015,1227.569739549305,84.1365461160713
288,1782.8271929463504,698.0715243055888,496.0588799007956,101.05968525402571
289,1615.7140828831816,603.9980625711739,396.17541671334243,70.17736892484184
290,8029.78159452733,854.6811786214064,1220.1523211290219,142.1489389204787
291,2082.9474652927224,663.2323813557314,439.2024535191407,213.90566402083337
292,2242.5789341926593,666.5030556501018,477.9357382748942,90.23802922992529
293,2588.239555425159,741.8210239752228,625.0245829527798,74.15913541702042
294,3004.840165776296,735.4898220745997,583.3996421539666,131.29959661568773
295,4608.443704651391,839.1123729688119,787.9757817478267,65.66328850179188
296,3356.582282917511,898.305334516567,683.8977973548292,84.60238371150349
297,3044.948815712466,677.1705696548828,539.445589111462,71.87833498994893
298,6486.433108278092,932.0989737441929,1013.0476829262572,85.21824337738512
299,5147.865279836195,913.4335152391428,963.7742134777438,236.63494049820133
300,8442.973606590662,1035.6220172400065,1485.3186901223523,54.64069741885977
301,3706.1868998241125,792.695001869784,639.6601818876051,199.8948133395484
302,7591.831196378049,933.2461420363701,1234.3912019419658,108.61303122430397
303,2147.6505592753265,771.9153554510191,527.6027520279497,90.59739638050915
304,7103.909801839461,959.2606938384658,1454.275166906015,96.27469501735057
305,1882.8189746656321,780.8740626842036,511.74759930652124,232.74357958838522
306,3141.213158505206,783.1643891466423,618.1382733378499,76.54383445114625
307,2084.0718781456094,714.2884004354155,472.75439733006715,74.4854252632784
308,8433.683035816446,1034.2297117180692,1519.890247782549,163.44037327354943
309,4238.082051766274,800.2291667523409,722.0281041004619,127.73474929493673
310,6209.743098991514,728.8559791132434,954.4166715171168,106.65360135748179
311,6710.545157644587,859.6953655518039,1062.352576799021,66.0293249116374
312,6737.814065995633,849.6502728944945,1129.9338548499938,46.07590358281029
313,7590.417034969732,1080.6475822684527,1421.1698965424148,156.0999892899069
314,2500.87012860434,575.796043468026,490.3540516047705,53.69639572050748
315,6170.517957448796,931.358027641649,1207.3850795812655,80.66342839692241
316,7605.799634145769,919.6826006034455,1349.2623458998874,118.81037014329024
317,2601.3649758012916,595.8945909818156,437.66140855312693,187.57641462634882
318,4528.594547551002,899.9644477317037,898.8930638425184,71.84644882035148
319,2027.199548622296,799.158960195314,452.68568893295094,209.78826786396948
320,8283.168555859824,1021.6287163252491,1667.1884529624986,92.31671390547527
321,8524.882258646929,1281.9451101149655,1770.8090099708825,116.86473920325962
322,4295.374966522509,841.7443790915789,839.343803824126,33.44815847427806
323,3353.2764125579074,807.0401863122023,794.9374808082775,58.481277292300796
324,6158.203918531942,884.0550626418848,1061.3429341212834,54.71157310193179
325,5622.373339271106,952.3393988992669,1216.821526318714,48.1028543862336
326,6795.969422365231,904.9505555595182,1218.2841524471178,54.527513341133115
327,8423.232527933444,1396.5519635196763,1957.670234184618,165.7676062756032
328,6581.324739564996,1059.127219544226,1368.3330623769248,48.06234922485332
329,4463.239958707434,774.572749963718,926.9613080304166,54.77787504108129
330,6211.435540819672,995.0320885330104,1242.7830157109795,78.2848882875029
331,8666.64884200871,883.4502741754375,1481.4290057276767,63.11833498488181
332,3193.247149085607,781.5801044753844,668.4078284781607,71.1950136098715
333,4111.868722831243,830.201561020335,904.3565962282477,151.0514128683515
334,8665.080958512432,883.0820070210084,1608.0133435827372,65.03574640092697
335,5720.8506647398735,1070.6981487494072,1432.796793556109,84.29320420222774
336,6869.481772675737,728.999278938834,1327.118077440751,55.67452462475656
337,3769.6260380148124,662.3072602927339,717.7258413253214,67.0448454439044
338,3308.8531261162993,784.6252189979743,800.5542504417749,76.95633600129482
339,7868.27658807831,783.1654517114052,1227.3372542127993,89.83001582918627
340,6828.330445629358,854.4286613511049,1355.1818143916062,64.01719888852361
341,5460.980030102837,586.2764548186177,879.7205877854421,35.061535029131576
342,1839.9359948000965,462.11437163245444,359.3065191840828,58.17047627670679
343,4895.827676540081,742.1692584885484,898.1022183812664,56.40174696185933
344,7361.464778260374,783.8758218880214,1303.8882742090532,54.79261930683989
345,5900.297457279919,709.8940952950976,993.0360006644551,56.43956376127536
346,4222.604835861634,724.5798991298237,871.9861162020618,71.54419829581322
347,7870.483699112823,764.8188072137128,1315.6490891648557,67.77482649893747
348,2312.8480596392483,494.60226396654343,470.9683900111535,55.457634596654465
349,9337.535997319303,1282.5347822137173,2185.2123967345933,43.58226496008515
350,4529.47278412475,762.5216549666277,936.2331220442724,84.60205604541487
351,9342.351005890434,1118.2736427296452,2089.675639519718,67.81557077310337
352,4866.969561782528,694.6492322403047,831.0370524663095,96.59914083582917
353,1749.4328151939421,561.7930838350795,420.6964990123803,62.166147509027
354,9346.376845241452,829.8007431403967,1477.5077810921823,135.8570894863778
355,4093.7198648092053,621.8894609139701,680.0901441523431,64.80091418226972
356,9339.011406764694,729.7698082572758,1484.0229397823543,52.16477447523533
357,6103.115242743455,744.3495306611617,985.8335003450371,59.78988881106288
358,4336.375396280258,755.7923725814542,1008.525893282548,46.50727234804695
359,8612.14558989971,1303.1271493547918,2295.722770811629,63.982416508619224
360,8427.03909308626,872.8944304942067,1437.1975459197938,56.5330849445272
361,9345.171395603033,1502.8252378205477,2387.5049418610697,61.774877063572816
362,8473.821013879457,622.1549293003502,1313.2078537285872,63.85664960458496
363,9333.747878670834,1004.9380152704932,1637.453846317621,66.29501582278655
364,8431.290558102612,901.1601023881831,1542.1112424702812,69.24237279975672
365,6701.159768870352,748.0255914423983,1243.7122939891206,47.282623877172156
366,6966.638776430767,1096.5255040808838,1580.966602891251,83.53791210161289
367,1937.8002486037153,496.9246379203958,361.7143838899788,44.44455137076912
368,6679.586578401909,626.5041267591005,1074.2806560910806,36.08572608791888
369,5893.115075679396,817.2078959785171,1179.8334981492774,46.27622776173979
370,8523.70333823513,1329.1583105682098,1927.6708471382917,76.15713820841697
371,9336.106841621227,1323.2815544400785,2272.526474467078,69.70572106338923
372,2732.730535939346,642.834208939608,520.9350975330062,65.45937503022303
373,5892.18298581157,766.9931582382075,967.6833183626735,59.24602043772002
374,8433.884518917916,1095.9946105220033,1709.0551311143242,60.990112124699166
375,4586.406075265989,606.115190376645,860.742654236274,60.19109560112635
376,6589.786956031652,840.02575262555,1076.112306813253,75.11792293944492
377,5643.059219127224,700.8959219575806,952.5214734732987,57.28027881609478
378,8413.317659860406,872.7846088512899,1607.072850170198,51.389675523708036
379,4437.289353642815,612.7397590214956,750.4030619199532,29.338640220464363
380,5764.917951805526,626.7070071302858,1002.5650361422728,63.81589316877562
381,8462.797471496806,988.5062199149364,1620.5545274100898,93.31934855595203
382,8427.20425740296,719.3883457994212,1381.9135270723348,52.2930970336036
383,7690.388145751762,877.715674245638,1485.989253136025,42.47454877874786
384,8500.13045180876,1032.6214101257876,1681.8278236949977,63.610904218549614
385,8047.733392012628,825.9148678186848,1621.6729514811138,52.770335180863675
386,5835.454994689454,798.1162685176376,1150.6533504971896,45.468752392531414
387,8417.158783755187,809.3383116969777,1357.2178466091457,49.122905837904554
388,8424.21564614181,1069.6586457565454,1635.2027224026315,55.651690217846784
389,8421.069462987118,753.755287946253,1796.1558792740962,31.463825648006797
390,7488.646441871468,888.099991221046,1602.367992780139,37.057545421048815
391,9336.665227222,1107.2700675140109,1994.1090499602174,21.4123233851083
392,9351.78884128116,1715.911726878291,2870.7000762461976,77.90908808841104
393,9335.4774363898,1760.675099311955,2743.7317818822758,37.888955721873735
394,9343.739346002996,1603.610606979639,2583.234491147252,71.55220742326078
395,9355.170793951944,2419.472489007042,3022.1426213912887,62.944501892182856
396,9335.610684574462,1618.8579116499136,2231.844693465972,43.30611640663802
397,9338.887987291395,1670.9877507265196,2673.182117695559,64.19563396465239
398,9345.878152584617,1118.6972954478981,1973.820989508421,63.80065083714044
399,9332.872082328342,1630.7151515684382,2270.236394237022,55.878254005131666
400,7539.913236593653,1035.0944721448882,1488.740452200766,43.59788587912141
401,9339.439479518207,1211.9844468708188,2005.911970517775,65.06470890265985
402,8427.231196038463,1052.123752334161,1854.3051033940558,54.778926012885904
403,9336.502660470816,1683.3753878041766,2328.0012883085465,80.55283258472063
404,8426.230250625551,1842.967734845189,2462.39774205151,47.19651945386761
405,8431.509604904337,1875.523707742674,2575.9056987067634,44.448095312779444
406,9341.591282230536,1600.76358187067,2395.0200658572703,49.340127992424094
407,7506.3524837009,808.8434421799757,1221.8815922858723,54.36726210110294
408,9349.537183475968,1265.957630427189,1893.7210327275545,71.3830849046532
409,9333.972023904334,2253.5238845563013,2707.004854039717,38.85864224711065
410,9335.408011096186,1633.4975434960436,2666.4133381621023,59.12640186156373
411,9340.867918701133,2010.0886315211817,2704.3691152425827,74.76858270047089
412,9341.467098031277,2569.9294978227927,3165.3417798770583,59.162614905611676
413,9352.362805960442,2257.247051873111,3182.3677394768706,54.630404124826896
414,9351.359197163449,2326.6143032913637,3284.005399833736,54.86412646886515
415,9341.285657793933,2512.6057882179393,2991.754098685631,50.01125590131259
416,7147.222033902304,1285.1268977145915,1982.597241789061,47.02907508742156
417,9349.056045710731,1192.92345992825,2013.394345904271,38.03900890629888
418,8429.127934445403,1802.009969181679,2440.7450293230636,49.29149835105919
419,9347.084437961777,1963.4813716320677,2808.174291300072,52.285348607770615
420,8449.935283954088,1510.7564056505544,2206.411156735592,59.22426878969169
421,9342.888922523063,1627.7556570047386,2762.6429031610546,46.34206361142355
422,9337.183607915224,1221.6962552517916,2213.2339606636033,53.619196901648465
423,8511.410257193798,1888.6857597950195,2768.5739948822134,31.519996310175134
424,9330.446321880227,1731.7171397068137,2407.6827095951307,67.82204605963085
425,9333.183318087484,1919.4348856687277,2622.5127434432216,57.13286475862716
426,9330.075462219791,1620.2597706355764,2379.9810113418166,84.48819631420895
427,9328.340477028763,2316.7230494761616,3056.059630141866,163.13910374756034
428,9356.85284673132,3405.1948875502653,3417.8655112690867,81.44394061341237
429,9344.111647156038,2530.5890865199626,3205.7849440951322,62.21220698737176
430,9346.35824787925,2776.569355337975,3464.4761863346002,45.34125760139207
431,9343.288399458219,2439.7367288392925,3142.1586524383815,59.33534572248959
432,9337.870656624531,1967.9909047713918,2803.141008177416,62.772700396919674
433,9352.075376433399,2229.038446193502,3149.6829471842316,76.01372595268678
434,9335.127320792755,1985.3958339102555,2958.9629493433204,62.97878842268566
435,9346.334181696824,1886.9390564939472,2796.1729724299817,63.09363724651023
436,9332.024919616646,2137.5970953492115,2741.7381671975977,42.4963225948866
437,9347.817096009432,2983.8558465596298,3564.1143093827736,48.296756320842576
438,9330.521751674227,2313.3767461165576,2832.1154170733853,54.384672670104734
439,9343.997811383322,2279.7222102254336,2968.123488552022,67.35188215441259
440,9235.829173256749,2140.9617867023526,3040.139779920825,38.79210519639124
441,9329.792002993056,2032.1889369799774,2880.457699908877,49.899522044322154
442,9337.108558749183,2291.6898388502896,3046.412182005417,57.992004588240796
443,9350.225930983166,3263.4384344786768,3693.349823213874,52.777750041268995
444,9342.08430578832,2454.53766824449,3167.3808250472534,40.0391250812462
445,9341.728837913839,3044.5318203592587,3131.7710717952414,101.17826255991454
446,9339.279617698554,2711.3162421978313,2770.3452904162655,49.06363353572487
447,9355.509000053125,2210.8427096295995,2811.9392766856263,63.09672528653529
448,9339.52741658234,2098.1327672423236,2872.6414255027644,61.8861761316471
449,9357.097281846438,3048.991762135388,3325.4823174839867,44.5444450374533
450,9352.385007283296,4118.784658899785,3622.321214422096,78.91903700509502
451,9349.337942448488,3488.7701168118792,3497.649456732199,120.08556007339908
452,9350.190078804206,2780.577761896328,3547.496113593926,46.12437797270619
453,9345.759578011726,2712.5352932022,3040.1269234364545,57.45508539228488
454,9347.450030315531,3142.987282553503,3290.3628876542975,67.41848450363382
455,9354.423739453603,3331.574318047578,3269.820486443396,63.0485307021076
456,9340.473129968223,3192.5087860610292,3432.317863853825,49.005360040046654
457,9343.55694316889,3379.749529051272,3340.4774665942455,63.56508969945577
458,9344.716523481595,3716.8461179762876,3852.1473713527503,64.69594414665016
459,9341.498323235865,2751.2330474440737,2848.8618005754875,154.2501973694305
460,9340.36179914596,1884.1571653580534,2829.952820083775,67.3910555047951
461,9336.267463512637,1911.6554465017252,2856.9347528263006,55.44843670855314
462,9343.843129085591,2475.6361256214227,2858.2343263353578,75.03132492993608
463,9353.328157525057,2640.483034195877,2822.2350021216816,49.26354023849992
464,9345.188575914788,3040.436211011138,3300.5095125429175,66.62009756006725
465,9344.702481382887,2389.035409955083,3428.4867182769012,46.13489911190044
466,9335.021677390036,3581.6940040938125,3486.7772145558133,41.467586352920065
467,9342.467817050067,3862.000524380224,3635.0318220945446,74.1898124559079
468,9334.708807441248,2494.787006737225,2922.0499135685527,83.22341334947922
469,9348.869530133208,3510.411519639365,3690.869250930487,68.2980316898826
470,9347.711484021522,3274.345357226502,3473.777057626411,70.30206207096361
471,9351.312860945343,2797.888348758776,3622.8272476599395,37.10703869875536
472,9350.05312645051,2837.3919654532197,3193.5706221870346,75.88583480657165
473,9349.796862593696,3488.9126999179193,3649.0972088689996,48.79570801283196
474,9338.294549055598,2646.814715714743,3191.5614191910945,70.45530430158479
475,9355.263331395157,3602.3076172882625,3726.9072654480888,79.53691081499794
476,9344.089804521735,4775.823557207562,3649.9443427039396,243.85616376750983
477,9352.569351283215,3322.375976786948,3655.2615874254398,48.154307141239705
478,9356.663481904805,4934.050443033734,3868.5982386505293,71.84500571958202
479,9344.742866926308,3121.5500862719246,3444.482815612126,50.670579476926264
480,9346.940312308432,3888.442947231636,3563.850532960997,63.94641726353209
481,9354.203485518665,3796.4795679646486,3537.9480110975214,100.17756964770362
482,9340.831785095857,2893.5605937802484,3308.3542081917235,86.99071518736716
483,9344.149053095798,2584.826179609354,3140.1609908966143,102.70657794539929
484,9357.021229766044,3645.20782326239,3878.247816512944,40.00119443254953
485,9341.635367624125,3208.0768128137483,3353.4052528612824,55.32399099907732
486,9355.565551985117,2999.981882393614,3624.387814707387,79.66056426005818
487,9341.415663719787,3008.6013102808065,3625.8487670978966,80.66851088205985
488,9344.471350766307,3524.7787012342874,3656.555399682866,113.05549202692336
489,9344.53141099745,3974.208991098584,3740.1431395309573,83.9932491793517
490,9346.601169941512,3144.795287389102,3579.0295169757433,84.40908265452258
491,9344.470190601303,4721.9460992727745,3742.8588632290193,103.44707896247053
492,9345.028812072334,3585.947728256717,3699.801539286989,201.19412224809915
493,9357.944483591733,3413.5672431543435,3738.739456885787,87.10512874780336
494,9354.806334335295,4311.397774481872,3812.4860248488712,72.11106825859937
495,9359.064907961232,4481.425380519683,3775.8359750490745,111.19142149488826
496,9359.407924728828,3327.3482638628193,3729.7107010712643,65.80288195001874
497,9358.092319996767,4389.335437284003,3781.584937751534,72.06162845757345
498,9358.496910575475,4142.235415100235,3999.939175755901,83.76199998655008
499,9359.48655905348,4111.138431014083,3797.797339560703,121.2318433396767
500,9359.51737283466,3933.1347337739244,3869.2606162158913,67.73760275765947
501,9359.085556879456,5676.396228793163,3679.3098162956926,42.40029450891224
502,9350.194688865933,4021.488347188956,3830.360115743531,110.27621882325604
503,9346.990900172765,3638.4200586819798,3701.144105038626,98.20067827695843
504,9354.912992419733,3375.8766004004183,3669.388577818193,93.01894380963014
505,9359.718469689049,3412.612116978533,3403.0093306045455,50.778681805642265
506,9353.614798247472,2975.109217282813,3334.8068773667705,64.6693708571124
507,9358.26105251625,3594.3436031646415,3816.436283163315,67.69912446246153
508,9359.634844096434,3254.043125310018,3614.617521356093,56.88172781551867
509,9337.116422722958,3214.907864389429,3782.6994150988303,61.05476583218606
510,9357.374847169418,3277.8712319209726,3683.6266291981187,68.74158394526032
511,9354.22533093381,4026.263793838755,3586.423418610836,77.92416057582774
512,9348.582087028806,3177.6524375691097,3283.9886488668494,44.55017633319409
513,9358.42166624137,3472.3991581519076,3799.809625941005,59.33234216719827
514,9358.566221875388,4566.512635332676,4060.5240553386684,113.87576771270649
515,9359.169062018136,3335.004727309998,3599.575292953972,62.80559897445987
516,9358.291728478764,4953.54854273362,3981.7698791899925,78.74576171489404
517,9359.218218545659,4088.053308337341,3849.6659179535263,44.37011995981633
518,9343.956234959318,2992.891008268677,3743.3083430742718,67.5710489588956
519,9353.386110256379,3766.1359970883263,3760.9956019735964,75.52252752739216
520,9359.662452099155,3986.606924285227,3806.1045084854964,131.57024116024238
521,9359.691040454907,4455.526274224865,3966.1744191044268,73.17409382361613
522,9359.585842311131,4150.347852280797,3982.234083824762,69.84050366539554
523,9357.004105623495,5239.152911935981,3929.338962478154,89.93358615509229
524,9356.78650730343,3730.5567374132806,3670.875439701686,75.94827084021054
525,9340.09538071175,3721.9902761048497,3428.3877180331992,79.6962706906798
526,9355.57775719121,5653.808165072739,3595.796256126567,217.31083010141316
527,9355.736045602935,3989.05542159873,3666.814413487014,73.6398168822846
528,9337.761685220772,3612.823870336065,3457.4181758898294,70.94674654458004
529,9349.770963784307,3327.1574803070025,3555.60933841848,70.31013432987378
530,9352.939172320253,5073.598344616623,3744.451427921074,107.3964555332611
531,9358.310138263872,2918.214260646796,3350.315236987747,118.67016620696882
532,9359.238117812734,3612.450455785334,3521.8843404896957,69.56054238109081
533,9355.417284631196,3625.5074006479626,3817.817670610793,48.94970665694483
534,9352.103086404046,3714.7271255081637,3609.4735313741944,80.40765469664235
535,9357.942463401525,2811.644120980327,3332.0580085428587,96.4763683745338
536,9347.469386180808,3168.4944561602756,3576.534484731597,51.931610302583536
537,9357.258124794125,2053.5431977368016,2833.638592216032,60.333121146292214
538,9351.88792031976,2566.208804979132,3549.6330409150983,46.532979061332576
539,9359.607499044863,2401.230292174597,3087.8852284683812,68.82338693370602
540,9358.10454717382,3132.548372597974,3615.7335019506427,73.41674510472362
541,9350.588007626713,3096.85144752836,3598.21012456832,73.00516096128027
542,9348.162174256566,3116.5072621338927,3527.592463914013,49.96969239266357
543,9355.975143862459,2953.0422382379047,3414.3928642533547,95.25963223188708
544,9353.012549311117,3165.671844758358,3493.4294972642965,81.52513420461148
545,9350.747724129436,3535.4285032192274,3773.8931904912365,91.07328190683677
546,9347.020939812746,3314.2025490458627,3672.48323566669,57.27513329237706
547,9356.310106347442,2920.4498019368084,3527.1932101250336,74.92486491852064
548,9353.65375812248,2756.5932659989494,3328.6863048055093,51.22502463786609
549,9359.525221568705,2982.6386531378266,3493.4688772042814,62.96537798650802
550,9358.578848151401,4279.712983187275,3894.1746873761494,73.282310354466
551,9358.190323670442,3103.322700464653,3685.7800253929213,64.84115617647042
552,9340.07635867801,3593.467542856549,3792.3975386570573,37.68782811249032
553,9357.57646158776,4631.222014368759,3789.9747235655245,113.47160194600819
554,9358.74604684438,3267.771403892376,3573.5867856239374,45.61819749971819
555,9359.435244755445,3962.776008932144,3916.187198094259,52.51343024482037
556,9359.312638569467,3499.4092424540504,3581.497565279581,50.80581774209702
557,9359.575430943285,4505.704693390513,4085.882854151834,50.8776062963626
558,9346.987225190273,4782.596873119759,3894.282061850665,161.6182309611255
559,9351.215461816366,4440.572418481195,4095.8837122185873,64.55645223550239
560,9352.72913877349,4481.003913407901,3965.894851920638,84.3201028219707
561,9358.559865640083,3501.3719518526486,3804.25239730611,44.29505754278205
562,9358.219482070324,4535.120080388462,3944.7735423198146,82.08582691248439
563,9359.5464561039,4578.144224632681,3739.2843882505117,237.60218950414819
564,9354.479553050605,3398.47292268015,3676.4410728293324,71.88973268866545
565,9348.414380835358,4270.469939966929,3668.613127543517,53.596858443838315
566,9344.773565280137,2146.8847923456315,2893.461120079663,70.37636329529496
567,9353.600975683385,4472.897331874679,3968.234345039096,39.93752135251825
568,9355.388898243084,3106.831475285975,3500.6101239810037,65.75809569540112
569,9354.14927440154,3481.8431772193994,3570.401146573031,53.03875803377922
570,9356.834645758205,3470.574200392449,3955.8839865172513,56.11418579242981
571,9359.584087725601,3896.199227599922,3680.578425834551,48.67607947678471
572,9359.46485188796,4025.9780697813394,3979.1165878905886,85.31824620946712
573,9352.068737815218,3551.5578777144488,3695.471400381413,66.29519170687566
574,9358.926119700705,4684.941936133524,3933.2929936299606,73.01769570252773
575,9356.086042406492,3588.0303897632048,3938.664423420403,53.426412902963555
576,9359.021226596242,4078.674174032383,3824.552009518067,63.61106780701641
577,9351.20037903159,3898.2887024780803,3765.3641056695474,109.89180627328031
578,9358.983509571943,4916.406091397107,3837.3728914199946,54.613186405037446
579,9359.038053628063,4348.12269032958,3949.496082671596,94.16684984780385
580,9357.822300264223,4336.482950875934,4033.12774334955,51.70315351105616
581,9352.541499274474,5402.130021368185,3631.4024894170216,83.60742590981053
582,9357.420502267756,5189.247191283249,3923.8533633544034,83.4275021604388
583,9359.721231621927,4435.235932121881,4025.693855639446,139.2469017845996
584,9359.764599492391,4719.517414173953,4048.9676666034425,87.12592000588077
585,9359.383276484534,4391.688743044641,4042.1695146375455,65.77407400720384
586,9359.213682300777,5161.7458640964305,3852.2683004025876,134.39807464186657
587,9350.565199913714,4334.5424028298075,3889.1496675368894,95.57580679480537
588,9358.992716258037,5446.586101472589,3965.0376850411676,66.69381538536442
589,9359.254641480362,5220.147480416263,3922.2752625169633,59.290634026252974
590,9355.280712369042,5884.379658607036,3629.7523342047307,106.63666650804961
591,9355.793035270115,5850.221097794847,3840.342385450897,134.5300754270358
592,9358.848481224322,4279.510517098361,3811.5557080824087,108.97857947798306
593,9357.758631913402,3560.007866799641,3774.7218992581365,87.0515655344349
594,9359.73392104373,4097.522235654427,3794.267585939825,232.56310785534333
595,9359.817585501467,4611.2828901447265,3959.921284095992,60.783665392864165
596,9358.013215340012,5182.180862314717,4122.44842593029,117.72185694527566
597,9357.919216059367,3396.98753295245,3750.047667542576,157.9420782671485
598,9359.656184291493,3637.7961037364316,3722.2273682280193,73.99052931718815
599,9357.020737963152,4486.018454207248,3997.861617930762,186.17158175215107
600,9359.800039638318,5574.4046768073695,3613.3359887842307,67.82858890841496
601,9359.57204259029,4202.73170869052,3985.652823230702,48.93978430275661
602,9358.429588937304,3837.9707683022943,3974.0316628192963,91.36061113516905
603,9359.367758695998,5292.479914842857,4127.209994029977,210.81121665260494
604,9359.501436421111,4482.471132825577,3987.124148949574,65.20083323920228
605,9358.924897168046,4747.36276096754,4004.1125801423614,127.13968265179008
606,9358.758711266459,5015.585219120292,3760.8583434155707,138.19132467081766
607,9359.477520631986,5735.973991426554,3953.4775629282326,64.72168767840705
608,9359.790463939504,7087.282628093742,3389.1503047256706,66.60145480021956
609,9359.495219692082,6085.922759060871,3697.1183462125477,77.7803923751508
610,9358.524642142567,5245.299289179771,3790.266642592376,82.42557514746292
611,9359.68921986267,5726.626504288029,3833.0884916089576,125.28292461267608
612,9359.718048169952,5945.005007031044,3750.48470630713,213.18145579038296
613,9359.547841919863,5440.829557132153,4064.543802381211,178.98591021019075
614,9359.823688381262,5512.3770891966215,4067.1520212536616,73.88036631961567
615,9359.454639679974,6004.63303567442,3855.0421525810384,74.915436056343
616,9359.875266297106,5130.41209227667,4207.311898863665,44.556378755076224
617,9359.787653164556,6399.547095886206,3854.1525923113277,62.706237632822685
618,9359.429075426004,5998.347768249205,3689.0493016899622,85.08215923740211
619,9359.367168882858,4700.391653193826,3953.8348120286773,70.84220975354981
620,9359.010224041986,4500.10752487982,3976.080806376901,63.88284662514727
621,9358.100149552516,6303.395602661112,3724.1689331347375,73.84449949956601
622,9358.836911132023,5828.569789881779,3675.5635079198987,82.30397753958047
623,9358.684539333373,5316.095836994942,3939.2657252492445,86.7509808415857
624,9359.279130418834,5307.093450306951,4160.6646210906065,120.63217718648225
625,9359.103467050478,4807.106969662445,3816.4490251299194,76.96801393520265
626,9358.320318096507,5378.975218516121,3970.063285248784,73.1965735775505
627,9359.839850295739,5098.244382259354,4016.416554520763,68.36289014862356
628,9359.665856643753,6371.038039660765,4012.892211801837,65.72591333392145
629,9359.460105817936,5864.7793191354895,3669.091883695426,254.46926784807994
630,9359.057404882697,6338.560618043977,3838.6329042086336,84.43975514229871
631,9359.28660802013,6745.527268828402,3568.8922712183603,107.38884275195831
632,9359.53417431248,4810.924911181874,3882.540142622891,187.48119683802423
633,9359.62674524001,6678.153845233697,3548.1175658221173,106.30322266866976
634,9359.644161663895,5820.827810873163,3687.790823538849,78.78492391376444
635,9358.922090358246,7052.509709478659,3338.5864220770964,237.15554838458857
636,9359.588596499485,5554.42917819086,3754.0183563154637,79.5492564619575
637,9359.551928814308,6892.089197279577,3471.7932967430206,220.72276362734775
638,9358.410499620286,6521.26189815055,3172.297247181505,157.31428536690348
639,9357.673863687336,5589.279016978305,3866.6563067963075,98.50622138021
640,9358.885197760768,5153.132128752402,4114.348016923535,120.63899584755742
641,9359.300768334982,5264.2111105189515,3781.51661381726,71.32385402557182
642,9359.45933103621,5775.59078621449,3940.874984755616,72.36293097915117
643,9359.546064782382,5997.679743157628,3626.631443407606,120.10900922806218
644,9359.366661030368,5176.441158535812,3784.9964188411077,187.8906150798635
645,9359.814432932726,6384.47623379006,3928.512833504079,94.56143835888884
646,9359.50489573881,6194.259296079477,4041.184935809484,99.1434876092229
647,9359.735955555947,6073.982971251416,3964.99972233209,97.15427034234557
648,9359.858745721602,5561.034018674724,4094.77864209251,75.36183817921986
649,9359.736112480874,6138.03633047441,3742.7365332855975,85.09868064382512
650,9359.721355134006,4989.572837705449,3797.124901111049,112.20685357913062
651,9359.788805317117,6192.64558114427,3960.601055534383,77.10485467872732
652,9359.723803792065,5083.154748970424,3921.329639012111,94.14195397415239
653,9359.69759220614,4920.106953580039,3698.3122825138967,155.75237134707336
654,9359.648655037785,6575.28410207479,3398.304866432392,80.08947485169335
655,9359.801883235368,5697.889234278206,3876.3120157050016,92.87588275554006
656,9359.814737285535,5061.72388132536,4139.767529837166,79.73569995158289
657,9359.823673199484,4582.971296575919,3758.576829562775,92.32644269536542
658,9359.708179919955,4970.308420424592,3983.4155322630495,78.81809064086686
659,9359.763453300606,5369.444300060716,3928.866014358962,146.75250077180624
660,9359.666153810707,5030.723431554031,4003.7962295986376,92.76721013321013
661,9359.772206825586,4997.75050781558,3833.422394937113,189.08860399665352
662,9359.776534242681,4277.949666935436,3897.2512561319854,93.5023619311873
663,9358.856904837903,5983.64231797707,3436.7221473086324,107.35014821286545
664,9359.476108613388,5377.4531967072035,4020.5608592111803,94.44189774724597
665,9359.658982925375,6305.708516028297,3835.028831690352,92.93353089711965
666,9359.804266880525,4723.725254787523,3573.4631518777624,107.24198385896875
667,9359.822796945364,5834.844043978332,3984.040349056863,195.53756907166633
668,9359.56767432852,5331.370421207052,4054.038221907936,83.33040835565632
669,9359.750105931347,5389.302730611596,4202.035611441914,93.53075462347331
670,9359.692831163662,4881.873964167864,4109.039213441177,111.1972448870853
671,9359.612160239525,6863.635418744054,3604.1755581490565,187.47580557157335
672,9359.836113802154,5120.3951559046955,4258.516811698356,68.29076375758586
673,9359.60116460353,5321.484081986474,4023.896712048694,79.44083252111
674,9359.850207547684,6988.6484515836055,3549.3241696930577,73.12166166139261
675,9359.612150030307,5942.509805527176,3992.3035675169594,84.25735838103526
676,9359.79532521389,4729.151262878079,4195.505316999599,96.44757913837019
677,9359.636680668922,5073.787243591387,4066.365488765218,83.95353129300608
678,9359.817365280582,5096.1414033066185,4036.1622632080607,136.36389027107526
679,9359.78206177709,6424.775324368258,3906.396533066906,71.84181853679186
680,9359.801273364214,5556.480377234423,3871.73875791194,94.62308823298379
681,9359.709352245245,6625.922825735967,3776.0953277774597,76.62308869571882
682,9359.8691737299,6784.716148870228,3599.1834684020496,76.1304436319629
683,9359.847430935972,6039.280489045496,3775.024823512968,126.06712766013729
684,9359.809500749123,5679.864380097186,4070.736912664963,73.94792749383072
685,9359.870915135843,6330.435689992286,3889.9958881020702,78.63869152580787
686,9359.878177167539,6696.685192444233,3633.685077088012,82.38155474526243
687,9359.74788349665,6512.674050307212,3945.1854543461313,73.0406555916619
688,9359.801181319974,5583.708468740227,3893.0202150855544,78.54172897124157
689,9359.693695059694,5500.168462453987,3979.647702026043,173.70331926002626
690,9359.810591279373,5364.010387244565,4154.152368425264,155.46244318743558
691,9359.858576988041,6566.808979752558,3788.693832063167,69.50211392401577
692,9359.89502979636,6571.978983355371,3788.1402896182312,101.92184632088646
693,9359.837400729597,7124.880013655148,3591.4667706509476,86.84943452200176
694,9359.67036578924,5714.0785997491375,4042.758401702451,74.88664618502477
695,9359.713317844711,5442.055733520289,4167.513453577852,70.91222770417946
696,9359.757556026956,5110.882865720665,4041.56894021521,84.68851933055608
697,9359.668233308003,5986.831931495022,3775.2002751877676,149.43815657908323
698,9359.550926502887,6149.500131607516,3691.1321823657295,110.4171509998203
699,9359.635724557938,6033.938388161785,4030.509517955693,106.31920232109
700,9359.508014702136,4747.115932484128,3894.942032617013,61.13855167281812
701,9359.47084452253,6527.944889458758,3652.0606067301624,209.79905838333298
702,9359.224681866523,5201.344468228852,4262.614720246647,80.71017719479224
703,9359.440786883513,5071.439610513499,3905.6469831409822,71.03239523632607
704,9359.780846631958,6184.625687668655,3764.8406875870696,73.9860213962394
705,9359.730860374739,5792.310648511642,4072.566547093845,72.97417255921575
706,9359.60156727087,5031.8682878870995,3891.8094918073957,70.35028993530314
707,9359.337033560314,4924.822231559042,4150.057900045038,132.59651225491197
708,9359.539197963535,5076.047209688184,3956.9346817447818,79.51230487088311
709,9359.740656641517,3943.359742038507,4026.93051151736,80.30720944099548
710,9359.621124610178,5290.793009177645,3940.965085797234,112.8601048395066
711,9359.84468891937,6124.157328685836,3731.036248617159,141.1883102710192
712,9359.888006727444,5208.654804351421,4048.5743260843547,60.23215064896588
713,9359.621446311581,5004.465945345366,4080.2786815538393,64.37229561495424
714,9359.685247561818,5611.865237172811,3876.0834520770845,82.53285326164182
715,9359.678067217905,4933.7146528326,3924.87711088869,87.54839691279057
716,9359.58133719415,4787.062451059444,4019.607187278809,87.93607628912217
717,9359.771564486857,5906.421122670589,3653.7027460207596,54.65549651162037
718,9359.765533457436,5646.106674905264,4123.53386128937,74.26860325573483
719,9359.80291896683,4938.770728463013,3910.870890971795,93.5601784322991
720,9359.579905948629,4753.350072478676,4005.327210294381,57.50000125934518
721,9359.816756563741,4656.947705321666,4022.117253893233,116.51489532951432
722,9359.794356274648,5689.958854941043,3822.8284129623116,193.53868636775775
723,9359.7947434528,6412.217969840266,3472.777726816328,89.08362616901226
724,9359.789063063561,5454.301141853138,3998.9605634244313,62.07908298181974
725,9359.432549533307,4774.601118645812,3983.4283177304915,129.6742036592091
726,9358.675110912513,5543.469615014498,3750.986575607373,83.88821831403139
727,9359.732753445322,5438.224560616058,3739.4941388812313,137.2256749378908
728,9359.038335347463,4628.520146908597,4111.086419160699,72.33994088886722
729,9359.522217815324,5340.227930547485,4071.870489867276,79.59084504998616
730,9359.6726120588,5112.7117070029535,4112.702790674879,49.212967530126186
731,9359.62871416399,5431.590603670101,4013.0356433433344,102.3770403855614
732,9359.858064148975,5763.578908604602,4181.421535573073,123.89517417312784
733,9359.71153054209,5129.307839255675,4254.665746695996,76.00570633054447
734,9359.760854949676,4446.876647764866,3949.475777438113,92.40370733089601
735,9359.657878116574,5010.1092902884575,4240.11757468829,61.12022270835674
736,9359.744923369066,4578.519829339611,4199.750091090867,68.2183430314114
737,9359.714711513912,5243.947428043895,4157.528122349081,71.88838401851069
738,9359.552318277278,3929.7444581369186,4003.179455207856,61.48322527165254
739,9359.875731327546,4965.72533254596,4209.4728821730505,74.88944729303589
740,9359.00429865313,3893.4501437485187,4232.881639552027,72.69952658292978
741,9359.925695666596,4251.679851500477,4140.419883649931,62.63816519094361
742,9359.780997184445,4884.2683108312385,4317.810191620339,62.7849039000094
743,9359.459256178992,3890.3171906171133,4206.964551096265,46.07664621712014
744,9359.863338179366,5324.241993052873,4112.113021128176,193.54489099154185
745,9359.842795016186,4477.0840060149685,4116.915837232755,73.81524656485276
746,9359.260978882441,4868.369205999907,4222.1792318779,78.66076655338996
747,9359.897991649892,4975.255429364335,3808.4376840696964,123.34561042591949
748,9359.543235007206,5608.430863593085,4243.9615408441,62.853187310180616
749,9359.607386059266,4141.477281375138,4063.630274221076,63.68959449237951
750,9359.654475653679,5243.387973237258,4245.608861419682,51.77235330183616
751,9359.846202398592,4225.246070787338,4255.097674587795,67.18389111080569
752,9359.80593844366,4908.5179144175145,4109.382162900423,61.760305669085575
753,9359.668606788786,5672.736431986133,4011.7490189046266,103.93909383564919
754,9359.722048284737,5094.744218315434,3847.9689452575763,62.53252493535045
755,9358.990869262656,5672.158353169047,4042.108620222552,74.87966537914114
756,9359.798792152775,6194.931175042757,3680.81908857633,76.39811633389104
757,9359.895301308048,5594.087046750346,4058.531239208329,78.59373658278764
758,9359.711219926301,5341.224627887155,4192.061915474139,48.80084253770025
759,9359.21015363301,6098.117241830393,4012.250379356791,68.77567293561877
760,9359.796793519097,5852.915684774364,3861.6907186477392,214.68184041438332
761,9358.501203267206,5776.12373718574,4127.673341435414,52.63419647517136
762,9359.852502409738,4943.074786730251,4107.348574969092,65.3054533228881
763,9359.848991779607,5844.3225290304745,3833.6260082018516,77.19365584184537
764,9359.82223666242,5602.0490648282885,4028.5467567890437,67.36657266318966
765,9359.584615194019,4199.770310355283,4180.709656123173,80.00819006554178
766,9359.787520587885,5213.007181359935,4011.851798585836,107.23738269725224
767,9359.747472147632,5276.568319375659,4097.266191252178,84.55446995808656
768,9359.728569048028,3966.7481895388423,4069.1619804512393,59.28483046853544
769,9359.762519812564,5658.893599305292,4108.7589374900235,181.41712880164837
770,9359.77239536434,6152.6818237687385,4069.5195665356573,74.32906282568872
771,9359.712025880435,5563.626033832301,3963.7671130699955,75.87760692463034
772,9359.578039568825,5339.991756144325,4299.226759399909,77.81193381996984
773,9359.764850764972,6291.722706637957,4004.7314373903273,153.80746915311437
774,9359.559470737473,5165.714735929939,4015.5398576226526,80.69661629739623
775,9359.68128593024,5507.115506391884,4170.137354467954,108.09504025086437
776,9359.330928664687,4910.404871541536,4136.638218089295,62.65775498257135
777,9359.741975930137,6022.184420341296,4181.757295034689,85.30254908242134
778,9359.755016146217,6720.731076744832,3751.302438195102,66.45265664358868
779,9359.797783419022,6026.6337439343315,3970.9619091635877,127.69390107079444
780,9359.751651135126,6102.310130986355,3991.191818479275,50.149405709183064
781,9359.624792143546,5006.946401126373,4092.397048616738,61.19150336243462
782,9359.759569034277,5564.101278444044,3885.4747302920787,70.16945898867532
783,9359.801291172527,5376.110091739673,4080.6896050700952,58.27876520939994
784,9359.675587507303,4211.214007078413,4056.1590873551877,130.77327367272582
785,9359.756439566965,6298.708841102003,3862.8203582229717,109.52620337919211
786,9359.546783342372,5894.342296443598,3802.2241399320797,186.88574151943433
787,9359.83728144513,7083.835131726364,3553.4844360870043,89.63814391759458
788,9359.880197617527,6187.0623356813685,3936.4644785104856,82.45634368447095
789,9359.875502970008,7112.506186589727,3373.1914663504667,113.90078879685412
790,9359.797784632578,5230.461565795423,4140.763433837494,63.70556606593808
791,9359.86071013946,6275.56461127677,4072.831365078898,86.415332737504
792,9359.660323418535,5125.195281083987,3984.061744989327,175.26872749652665
793,9359.252450086948,4582.598837145093,4138.367698045046,71.15643338299071
794,9359.812942160206,6071.663757176032,3943.2779120630435,71.2310538774705
795,9359.704351302405,6135.365264895658,3994.140837969062,77.70402673507212
796,9359.82250785318,6692.639936231464,3629.4875791008276,68.42876571466371
797,9359.84705918965,6460.56028214606,3750.0698876561573,120.62120023711546
798,9359.820141193526,6221.375954033998,3753.667296590923,88.49978800993834
799,9359.725861218074,7019.535643974811,3358.4516212410185,77.07784051965095
800,9359.81085528342,6851.874531190726,3757.7171075338824,98.82651662921863
801,9359.730901824976,5956.136257413744,3946.163322339424,59.79118533005801
802,9359.877527234237,6543.04427852714,3708.6151726767757,185.4915499209364
803,9359.755030004282,6962.016003919812,3563.1445026102188,85.7783181859355
804,9359.796008954063,6522.997406658692,3585.2515795341938,184.7458265940663
805,9359.82127775761,7607.961290269415,2914.1766877686364,107.39315594886952
806,9359.806732973126,5808.667415480112,4226.7595722019905,71.28753896892738
807,9359.536552571819,5761.502407357339,3877.0019893971535,85.79858585479083
808,9359.795305407482,5147.896847506227,4096.275874262752,102.3891935802024
809,9359.798410729012,5647.049742209373,4075.0000061353144,143.26455753364647
810,9359.5163590409,6680.746865872148,3890.2169284063325,69.30859778717861
811,9359.710322504467,6229.860997308038,4034.780851601828,84.97337903379972
812,9359.84174133721,6449.103060031292,3794.932687176902,57.84815181497747
813,9359.742229865271,5824.853761911601,4054.7875916559747,72.00144319466452
814,9359.873486211985,5939.658510856297,4164.861414577089,80.44811040612038
815,9359.820677588037,5828.216837888294,3948.4188376155225,62.78173620102173
816,9359.37163338242,6168.949430281226,3652.47700082542,57.329161586680314
817,9359.861193365032,6206.473001692458,3956.297780396447,233.24663968500394
818,9359.873750505027,6432.934354583789,3892.969104797256,115.89988618679084
819,9359.8182854694,6879.249400593161,3750.9201166014823,74.73658366761977
820,9359.718861281399,4891.864752911568,4067.2480389697444,93.3664863300544
821,9359.479625877208,5964.6940699164,3887.4681302082786,97.9178585848185
822,9359.549320328715,7290.382464267277,3488.3937682845035,249.69843245944057
823,9359.676919921252,7019.456176406743,3549.28976310774,80.77310271016094
824,9359.780402121904,6757.178672564155,3563.008753353247,47.887169610359294
825,9359.833640602392,6981.044011726571,3603.9687287594156,85.91544674062102
826,9359.891168657034,6077.419412781853,3969.52833216853,51.814588561527536
827,9359.730332137327,6550.587804358433,3702.7692216763216,75.6484156214172
828,9359.71157358116,7068.3118868025285,3351.349805890907,53.47883375436182
829,9359.905514419273,5867.587108798698,3958.935160702879,60.96066236405579
830,9359.65609622668,6503.409088160781,3763.1426962864884,97.16007346460444
831,9359.15230525604,6442.858567675051,3750.0002493268453,80.30189433859555
832,9359.914850932186,6073.584907797209,3918.3339184815027,205.50176234958357
833,9359.83316214316,5754.91742742016,3909.803747342308,82.13494668155445
834,9359.819249118682,5752.43514404302,4000.6495780928526,57.95299413858904
835,9359.743450844031,5919.291852109824,4019.604511099977,72.96143702399004
836,9359.582655123952,7132.3969168257245,3552.859761182046,52.68462003875396
837,9359.529920742727,6598.4748597696325,3690.9174573213872,61.91009935377647
838,9359.574166563838,5953.949657612686,3747.496673482084,62.11137787039937
839,9359.805047550897,6143.749115494605,3943.5749354730287,162.88826206747794
840,9359.848475571112,5450.901578535554,3966.934220145552,63.71888421792842
841,9359.529856445302,4612.866870442738,4059.715975102998,102.83626539229098
842,9359.168641209468,5414.813756851309,4221.415823654327,71.1441591933473
843,9359.859074643433,4854.562170742245,3925.808268876249,73.80359286382296
844,9359.81982233275,5844.038203641168,3682.568090624391,76.81385594215809
845,9359.83207058363,5333.690965271837,3834.6876303044733,66.34734658845528
846,9359.745737730942,5531.197375084538,4068.1824593057977,88.13644471521832
847,9359.834613592287,4918.4741062686835,4171.393200739739,59.63411661163578
848,9359.761203381166,5959.012411844488,3913.8219230058544,124.13220687367611
849,9359.78905232821,6758.789810518274,3595.2925379501803,79.63366129360706
850,9359.62790288117,5998.130720132947,3809.1282877783947,60.738949172476204
851,9359.570804606714,6056.438030359739,3657.9187447285944,57.66982774355639
852,9359.794227347335,6366.492706745304,3501.4672535089358,102.29072539037769
853,9359.51385778953,4786.980130201797,3993.431173451797,48.99763180237404
854,9358.94370386922,5511.289784278941,4066.6746861120014,62.28670622939296
855,9359.611429185063,5969.218835285324,3880.0770463485137,75.96603709746422
856,9359.774319438611,5263.729170898305,4127.641976589592,65.42187338096213
857,9359.35455998704,5249.887988195564,4168.953400644403,67.64854693498378
858,9359.050009374254,5232.238180045037,3960.33686298416,65.58005938807607
859,9359.609308449162,5929.178198750591,3749.603224922584,60.00955410910886
860,9359.761469898138,6085.1274149458895,3754.2057054033185,58.90040461225486
861,9359.545657620702,6084.0372681340305,4182.083640147919,105.86417444115663
862,9359.875217140945,5667.05644651456,4060.490262223678,68.59832451760116
863,9359.677996775938,5475.4576266855165,4165.300467792508,64.08905110887744
864,9359.828047785708,6318.587137017232,3739.236258359712,79.65184300384092
865,9359.683362435306,6497.103748977878,3587.3017079766228,126.57605115412946
866,9359.646533930163,5403.483212155293,3918.9407779385706,108.5773194016416
867,9359.692730296043,6935.59594925575,3660.0690970864607,68.03953514602229
868,9359.387067907246,5185.964556612058,4084.1114664229526,46.167539672637865
869,9359.875682815826,6074.568074957862,3802.935224216839,116.82307037783559
870,9359.763815218597,4454.992325103294,4076.0156350074776,77.64665814799481
871,9359.797026587237,4957.197131501414,4016.4890709956976,48.857404012323016
872,9359.853192372131,6324.74697021003,3973.4974534427492,99.22978685744664
873,9359.648635431839,5105.753717497146,4016.612663469654,170.8613644034807
874,9359.653017534409,4578.1769526605185,4047.313929519851,91.24437951476968
875,9359.7199834572,5557.4646830828415,4018.882243996352,62.06046736237092
876,9359.765555222355,5454.6059719201285,4015.741044811848,79.58997307107325
877,9359.728015517041,6189.990305529694,4031.4780317294426,68.82682804209489
878,9359.799993413628,5130.919517974486,4047.640110953074,129.51125320520148
879,9359.81067075914,5803.724247804654,3937.3977597158796,141.93489394498988
880,9359.8534537724,5368.026860213383,4134.472213280941,121.13576668730086
881,9359.251540434278,5668.765574297744,3781.0659713753957,78.83116237666651
882,9359.722164833325,5173.072482723292,3742.272408345402,65.73670347222841
883,9359.696750574338,5803.950352559886,3806.897506780272,71.98495143256905
884,9359.630012943544,5139.606789684271,4113.713789250361,62.50247896150258
885,9359.228292566218,5085.092691796481,4194.519805051416,50.65025665751067
886,9359.32360112905,4481.250219466822,4102.486415669114,71.39542229723511
887,9359.548724079084,4812.606426116114,4249.80820909184,72.29542553390914
888,9359.402590851965,6661.892710866149,3488.199283753277,102.58324389311981
889,9359.624161806814,6828.564993067816,3576.672984594499,59.11391183008489
890,9359.786621281046,5972.046829890412,3926.815229460183,59.896764986812876
891,9359.138320380345,4723.8549895074,4091.537483593912,88.73650451876244
892,9359.442271837817,6943.567588198095,3301.44473339861,117.35961395394304
893,9359.704127826482,6679.632281676131,3700.6350790159995,253.5338226456685
894,9359.778719316857,5764.655205085795,3910.9811612393028,68.06925424656751
895,9359.594377687365,5651.809641925576,4241.091728937708,68.93154178198687
896,9359.746328543777,4801.058625456264,4058.9775541365707,59.77767556282837
897,9359.444188282492,6420.864984785543,3637.2893549902305,90.72447975127784
898,9359.71921068045,5250.278278660937,4242.322827405655,68.87692526513545
899,9359.726847580469,7092.645654960035,3571.2208591421045,75.2422363000845
900,9359.840596340742,6618.193620047357,3657.0290674831417,80.65259230226411
901,9359.85037334256,5740.2636272979125,4179.037972022139,60.628999661163064
902,9359.689731592407,7574.295725379986,3297.6061968753497,114.40240265410173
903,9359.67058503295,5633.485654157886,3966.55903891891,55.922750607571686
904,9359.760359929529,6276.838903446549,3843.626693806247,63.05398674712613
905,9359.742641499945,5581.904451197956,3717.103150099101,85.80709953408457
906,9359.67878652937,5698.584714684062,4129.45365874577,66.27455455121024
907,9359.813399934987,5510.2397053422665,4095.743207041912,236.88856101334818
908,9359.859363992164,5554.358478401022,3968.1507009419756,62.17826308333722
909,9359.834267959086,6267.880518562155,3886.7786117178007,66.62533601803607
910,9359.787438353818,6604.4980678889015,3850.397811311802,127.63849700869653
911,9359.781326392413,5410.823258585051,4009.254788320017,41.75947221960436
912,9359.641088185825,6163.291219658995,3945.300596940787,105.42499829864911
913,9359.770859815393,5879.488896020991,3971.7877991374276,67.4504948890981
914,9359.760823838384,6793.815257386641,3695.293482802187,58.14759090084082
915,9359.57332356678,6384.805258533197,3601.1419338950673,73.44985377380591
916,9359.902695302222,6271.158291740707,3762.481172625627,64.7766755839992
917,9359.778689985138,7348.025951656635,3380.8926246854735,149.0264438001687
918,9359.712293725008,7164.984199101536,3524.7486067822215,88.81701658456664
919,9359.645918789816,6129.663043255166,3925.9863159461074,99.16811983396775
920,9359.666577842803,6880.968605688901,3330.244459278312,197.13848857146678
921,9359.754601598639,8106.936820876074,2315.4472792608176,502.94593203820904
922,9359.515462627567,6523.796200032079,3508.4241308806168,113.06605974128124
923,9359.748577811717,6732.816581530686,3920.5459145122377,84.88207702298403
924,9359.492867504548,6804.795901736152,3428.2603499127868,374.1128045168817
925,9359.608933081776,6915.645803426409,3739.558375441163,71.92020706111904
926,9359.844916838567,7069.789273119668,3350.1113572498944,208.19189877572444
927,9359.8551823905,6556.908994589483,3645.475836662884,95.23550618358884
928,9359.729334652544,6999.648326289665,3334.416635191876,305.8469514074647
929,9359.817167925601,7869.082273339975,2751.8914661243534,208.5121268969611
930,9359.829790076994,6963.852288936277,3583.002794421134,127.32755988349834
931,9359.790881570934,7198.576382331436,3499.408751981047,75.69341948297034
932,9359.770837637514,6053.379285611736,4190.809916013003,99.870692791329
933,9359.787305588594,7322.3533681982135,3400.120238750696,76.20346254585975
934,9359.853860652873,8005.881363571714,2690.5868758225233,119.99351449733754
935,9359.375353906698,7018.104529558252,3495.997063547171,86.05396360732291
936,9359.705461305437,6577.309318825743,3867.177951579643,71.12878602714997
937,9359.73355311551,7139.688637776993,3267.208638932742,141.92469511680113
938,9359.544668835995,7029.353501868172,3549.7531977447557,56.34229225027631
939,9359.809904145404,7926.3278466029105,2488.1515155417055,71.82219552289929
940,9359.696149509904,6752.105766918862,3693.4205739750937,56.297639514922494
941,9359.739997743827,7045.747808805245,3380.980346604645,71.94391525697077
942,9359.73898816614,7039.3142367762775,3724.432164597746,120.17267496148513
943,9359.929646523746,7721.283359316376,3058.2117858774013,211.3805561606267
944,9359.76847134883,7369.701716371901,2985.199692248095,95.0381743151577
945,9359.756461011893,7576.053663431783,3102.3922695846086,58.98930496493531
946,9359.708372512021,7250.442431100333,3357.802267862812,93.41207066310729
947,9359.778733722487,7251.59690623652,3157.992754481508,72.01518225232932
948,9359.528666101573,7073.953704413291,3474.3136173503544,89.07831112508465
949,9359.673288088536,7022.692975840697,3724.637647041836,75.02827632763649
950,9359.643193313157,7170.820681614869,3231.4916552106415,51.59700896936651
951,9359.852958511616,6540.899626986224,3634.988061953839,67.48263675203792
952,9359.880237435957,7426.387656764782,2979.2044435206976,77.51301621284514
953,9359.721987258661,7389.547427701505,3286.7167002614165,106.32605516347478
954,9359.748148630668,7716.268276032223,3330.549177070276,65.57451827185643
955,9359.670107151736,6706.874154429618,3744.87696356505,122.52094459146437
956,9359.832757578266,7788.895854884317,2716.1681060073897,96.07097437844773
957,9359.672827984763,6642.010720976721,3503.8412437207844,243.10690912163605
958,9359.61057667949,7485.781903831466,3301.57842421761,215.8930724008804
959,9359.79876833929,6899.61595306335,3685.5592648627753,80.3756875776106
960,9359.878584108286,6821.4722179778855,3554.928787928593,159.28338628400985
961,9359.701194319536,6335.357867778852,3816.282799062762,70.20681088918118
962,9359.876676400227,6804.029010313185,3473.6930635502185,190.63676131740917
963,9359.693682706886,7793.846090129184,3033.3652263398935,146.9449887607332
964,9359.792871392312,5935.856767792021,3965.1267784263764,63.45714629023081
965,9359.86241102016,6787.587191150102,3500.1324181206114,261.54521818008
966,9359.866927914112,6544.555968817826,3762.926763610116,71.4647562829245
967,9359.792151901594,6247.994363841154,3718.3780626545085,310.0454703436395
968,9359.76699230201,6900.709771864289,3689.263910321994,115.32753480062927
969,9359.726323263692,7017.941876114189,3711.568545107132,101.66012401633297
970,9359.785249487806,7036.518613430604,3558.4049177923453,97.91802782646559
971,9359.795049649783,7025.923080794952,3534.3809755572474,175.41518613374933
972,9359.521280775498,6781.828122230376,3470.021536176975,71.87364469732613
973,9359.850114379797,7256.715922625328,3336.751250141625,166.91656846560957
974,9359.832743357707,6548.588075584805,3740.898032205353,287.9505730179769
975,9359.745360491575,6473.623405477812,3699.4126208768653,60.76727627922812
976,9359.821819046041,6669.670230466302,3759.3000036199137,255.72533046869498
977,9359.698839066357,6576.547124278572,3857.452645898566,92.46997834786126
978,9359.580586492919,7694.065681439883,3007.2189551504116,106.50844466700603
979,9359.769783999614,7819.255284164038,2874.069049184287,284.0569960848851
980,9359.905005307719,6948.453021585924,3600.9334122361,199.7339904924819
981,9359.804757858994,6539.458396277174,3847.046180799444,117.41902059771613
982,9359.891616214245,7618.220373593448,3072.3703374076035,114.29862943475527
983,9359.817551559043,7734.932438074829,2867.359079242187,106.79138471175011
984,9359.790113876175,7504.588144050528,3158.4748956654935,260.9549025105466
985,9359.814375496306,8815.603073835795,1174.5644670926317,4145.843255376954
986,9359.700994128989,8064.293693573703,2472.657353071621,220.2350889692926
987,9359.69938085166,8453.329504041574,2128.448797771582,142.7686498259249
988,9359.772851880794,7823.166437300644,2790.8051832378237,278.336543459705
989,9359.674057653825,8094.996229280109,2525.0130684915043,112.95227263110371
990,9359.75458055206,7748.699654267248,2945.729235490889,97.30978355104061
991,9359.885716090726,8398.473275996887,2355.771971985497,151.29002435902984
992,9359.824364687309,7958.096548100354,2944.5981931000297,119.1311610357543
993,9359.830505813143,8620.669448336328,1608.3988115591417,567.6578352563403
994,9359.825203291632,7982.934120829322,2729.5823460612373,95.12894443080707
995,9359.81207442562,7906.602034096577,2821.4777911596398,122.79238731657986
996,9359.779061993338,6528.095448417979,3928.5763360105657,82.18457382101532
997,9359.830429820306,7511.176321695381,3087.8833897756526,82.21627749192308
998,9359.793327638186,7043.5802649818115,3328.4445451959364,96.03489787787484
999,9359.859666764582,8039.844237298918,2690.8245661702504,76.41291777667026
